[
    {"model": "ClassicalMusic.role", "pk": 1, "fields": {"role": "Composer", "type": "individual", "role_type": "author_type"}},
    {"model": "ClassicalMusic.role", "pk": 2, "fields": {"role": "Lyricist", "type": "individual", "role_type": "author_type"}},
    {"model": "ClassicalMusic.role", "pk": 3, "fields": {"role": "Cello", "type": "individual", "role_type": "performer"}},
    {"model": "ClassicalMusic.role", "pk": 4, "fields": {"role": "Piano", "type": "individual", "role_type": "performer"}},
    {"model": "ClassicalMusic.role", "pk": 5, "fields": {"role": "Viola", "type": "individual", "role_type": "performer"}},
    {"model": "ClassicalMusic.role", "pk": 6, "fields": {"role": "Violin", "type": "individual", "role_type": "performer"}},
    {"model": "ClassicalMusic.role", "pk": 7, "fields": {"role": "Orchestra", "type": "ensemble", "role_type": "performer"}},
    {"model": "ClassicalMusic.role", "pk": 8, "fields": {"role": "Choir", "type": "ensemble", "role_type": "performer"}},
    {"model": "ClassicalMusic.role", "pk": 21, "fields": {"role": "String Quartet", "type": "ensemble", "role_type": "performer"}},

    {"model": "ClassicalMusic.musician", "pk": 1, "fields": {
        "name": "Ludwig van Beethoven", "sort_name": "Beethoven, Ludwig van", "type": "individual", "gender": "male", "role": 1,
        "Life_begin": "1770-12-17", "Life_end": "1827-03-26", "life_ended": true,
        "image_url":"https://upload.wikimedia.org/wikipedia/commons/6/6f/Beethoven.jpg", "MBID": "1f9df192-a621-4f54-8850-2c5373b7eac9"}},
    {"model": "ClassicalMusic.musician", "pk": 2, "fields": {
        "name": "The Philadelphia Orchestra", "sort_name": "Philadelphia Orchestra", "type": "ensemble", "gender": "", "role": 7,
        "Life_begin": "1900", "Life_end": "", "life_ended": false,
        "image_url": "https://upload.wikimedia.org/wikipedia/commons/2/26/Charles_Dutoit_and_the_Philadelphia_Orchestra_concert_in_Tianjin.jpg",
        "MBID": "ff3fcff7-6c85-49d6-b954-ed7011a44e5a"}},
    {"model": "ClassicalMusic.musician", "pk": 3, "fields": {
        "name": "Emmanuel Ax", "sort_name": "Ax, Emmanuel", "type": "individual", "gender": "male", "role": 4,
        "Life_begin": "1949-06-08", "Life_end": "", "life_ended": null,
        "image_url": "https://upload.wikimedia.org/wikipedia/commons/b/b5/Emanuel_Ax.JPG", "MBID": "14aa864b-5878-40d5-b061-28c1bf995853"}},
    {"model": "ClassicalMusic.musician", "pk": 5, "fields": {
        "name": "Friedrich Schiller", "sort_name": "Schiller , Friedrich", "type": "individual", "gender": "male", "role": 2,
        "Life_begin": "1759-11-10", "Life_end": "1805-05-09", "life_ended": true,
        "image_url": "https://upload.wikimedia.org/wikipedia/commons/4/4c/Schiller_by_Louis_Ammy_Blanc.png", "MBID": "6eea5386-1d69-424c-851c-1236a72db3c2"}},
    {"model": "ClassicalMusic.musician", "pk": 6, "fields": {
        "name": "Dmitriy Dmitrievich Shostakovich", "sort_name": "Shostakovich, Dmitriy Dmitrievich", "type": "individual", "gender": "male", "role": 1,
        "Life_begin": "1906-09-25", "Life_end": "1975-08-09", "life_ended": true,
        "image_url": "https://upload.wikimedia.org/wikipedia/commons/a/ab/Dmitri_Shostakovich_credit_Deutsche_Fotothek_adjusted.jpg",
        "MBID": "519dd32e-8f30-4380-8826-7aa99169e1bb"}},
    {"model": "ClassicalMusic.musician", "pk": 7, "fields": {
        "name": "Yo Yo Ma", "sort_name": "Ma, Yo\u2010Yo", "type": "individual", "gender": "male", "role": 3,
        "Life_begin": "1955-10-07", "Life_end": "", "life_ended": false,
        "image_url": "https://upload.wikimedia.org/wikipedia/commons/c/cc/Yo-Yo_Ma_-_World_Economic_Forum_Annual_Meeting_Davos_2008.jpg",
        "MBID": "62fe877d-b7a5-43e8-952e-2610d7614bff"}},
    {"model": "ClassicalMusic.musician", "pk": 8, "fields": {
        "name": "Westminster Choir", "sort_name": "Westminster Choir", "type": "ensemble", "gender": "", "role": 8,
        "Life_begin": "1920", "Life_end": "", "life_ended": false,
        "image_url": "https://upload.wikimedia.org/wikipedia/commons/0/0e/Bundesarchiv_Bild_102-07655%2C_Berlin%2C_Gastspiel_des_Dayton-Westminster-Chors.jpg",
        "MBID": "b62ae2c9-c448-4286-be35-dfd2ad2a7f03"}},
    {"model": "ClassicalMusic.musician", "pk": 10, "fields": {
        "name": "Catharina van Veen", "sort_name": "Veen, Catharina van", "type": "individual", "gender": "female", "role": 3,
        "Life_begin": "", "Life_end": "", "life_ended": false,
        "image_url": "http://www.catharinavanveen.com/media/images/Myself.jpg", "MBID": ""}},
    {"model": "ClassicalMusic.musician", "pk": 11, "fields": {
        "name": "Wolfgang Amadeus Mozart", "sort_name": "Mozart, Wolfgang Amadeus", "type": "individual", "gender": "male", "role": 1,
        "Life_begin": "('1756-01-27',)", "Life_end": "1791-12-05", "life_ended": true,
        "image_url": "https://upload.wikimedia.org/wikipedia/commons/4/47/Croce-Mozart-Detail.jpg",
        "MBID": "b972f589-fb0e-474e-b64a-803b0364fa75"}},
    {"model": "ClassicalMusic.musician", "pk": 12, "fields": {
        "name": "Jacqueline du Pr\u00e9", "sort_name": "du Pr\u00e9, Jacqueline", "type": "individual", "gender": "female", "role": 3,
        "Life_begin": "('1945-01-26',)", "Life_end": "1987-10-19", "life_ended": true,
        "image_url": "https://upload.wikimedia.org/wikipedia/en/9/95/Jacquelinedupredavidoff.jpg",
        "MBID": "6e26a58f-63e8-4397-8cb7-b9f46aedfd32"}},
    {"model": "ClassicalMusic.musician", "pk": 13, "fields": {
        "name": "\u041c\u0441\u0442\u0438\u0441\u043b\u0430\u0432 \u0420\u043e\u0441\u0442\u0440\u043e\u043f\u043e\u0432\u0438\u0447",
        "sort_name": "Rostropovich, Mstislav", "type": "individual", "gender": "male", "role": 3,
        "Life_begin": "1927-03-27", "Life_end": "2007-04-27", "life_ended": true,
        "image_url": "https://upload.wikimedia.org/wikipedia/commons/6/6c/RIAN_archive_438589_Mstislav_Rostropovich.jpg",
        "MBID": "e2b294b7-f705-4317-a96b-fd94da3719e5"}},
    {"model": "ClassicalMusic.musician", "pk": 15, "fields": {
        "name": "David Popper", "sort_name": "Popper, David", "type": "individual", "gender": "male", "role": 1,
        "Life_begin": "1843-06-16", "Life_end": "1913-08-07", "life_ended": true,
        "image_url": "https://upload.wikimedia.org/wikipedia/commons/6/6b/Popper_david_v2.jpg",
        "MBID": "cbb10897-db54-4ee1-8faa-47cb4a3d920f"}},
    {"model": "ClassicalMusic.musician", "pk": 16, "fields": {
        "name": "Itzhak Perlman", "sort_name": "Perlman, Itzhak", "type": "individual", "gender": "male", "role": 6,
        "Life_begin": "1945-08-31", "Life_end": "", "life_ended": null,
        "image_url": "https://upload.wikimedia.org/wikipedia/commons/5/53/ItzhakPerlmanWhitehouse2.jpg",
        "MBID": "5e85f4f1-a491-4e63-9103-6065c5e997d4"}},
    {"model": "ClassicalMusic.musician", "pk": 17, "fields": {
        "name": "Johannes Brahms", "sort_name": "Brahms, Johannes", "type": "individual", "gender": "male", "role": 1,
        "Life_begin": "1833-05-07", "Life_end": "1897-04-03", "life_ended": true,
        "image_url": "https://upload.wikimedia.org/wikipedia/commons/1/15/JohannesBrahms.jpg",
        "MBID": "c70d12a2-24fe-4f83-a6e6-57d84f8efb51"}},
    {"model": "ClassicalMusic.musician", "pk": 19, "fields": {
        "name": "Johann Sebastian Bach", "sort_name": "Bach, Johann Sebastian", "type": "individual", "gender": "male", "role": 1,
        "Life_begin": "1685-03-21", "Life_end": "1750-07-28", "life_ended": true,
        "image_url": "https://upload.wikimedia.org/wikipedia/commons/6/6a/Johann_Sebastian_Bach.jpg",
        "MBID": "24f1766e-9635-4d58-a4d4-9413f9f98a4c"}},
    {"model": "ClassicalMusic.musician", "pk": 22, "fields": {
        "name": "Edward Elgar", "sort_name": "Elgar, Edward", "type": "individual", "gender": "male", "role": 1,
        "Life_begin": "('1857-06-02',)", "Life_end": "1934-02-23", "life_ended": true,
        "image_url": "https://upload.wikimedia.org/wikipedia/commons/c/ce/Edward_Elgar.jpg",
        "MBID": "4e60a56a-514a-4a19-a3cc-49927c96b3cb"}},
    {"model": "ClassicalMusic.musician", "pk": 23, "fields": {
        "name": "Chicago Symphony Orchestra", "sort_name": "Chicago Symphony Orchestra", "type": "ensemble", "gender": "", "role": 7,
        "Life_begin": "1891", "Life_end": "", "life_ended": null,
        "image_url": "", "MBID": "509c772e-1164-4457-8d09-0553cfa77d64"}},
    {"model": "ClassicalMusic.musician", "pk": 24, "fields": {
        "name": "Isaac Stern", "sort_name": "Stern, Isaac", "type": "individual", "gender": "male", "role": 6,
        "Life_begin": "1920-07-21", "Life_end": "2001-09-22", "life_ended": true,
        "image_url": "https://upload.wikimedia.org/wikipedia/commons/f/f2/Isaac_Stern_-_1980.JPG",
        "MBID": "7d9be72b-ab36-4ce1-8a2c-05bf0f7eb0b4"}},
    {"model": "ClassicalMusic.musician", "pk": 25, "fields": {
        "name": "New York Philharmonic", "sort_name": "New York Philharmonic", "type": "ensemble", "gender": "", "role": 7,
        "Life_begin": "1842", "Life_end": "", "life_ended": null,
        "image_url": "", "MBID": "7cdb68bc-c4f1-4a92-9bd2-739641c5eff0"}},
    {"model": "ClassicalMusic.musician", "pk": 26, "fields": {
        "name": "Anner Bylsma", "sort_name": "Bylsma, Anner", "type": "individual", "gender": "male", "role": 3,
        "Life_begin": "1934-02-17", "Life_end": "2019-07-25", "life_ended": true,
        "image_url": "https://www.bach-cantatas.com/Pic-Bio-B/Bylsma-Anner-03.jpg",
        "MBID": "68ff4d23-dbd3-459a-a295-df867b8ce9b9"}},

    {"model": "ClassicalMusic.composition", "pk": 1, "fields": {"title": "Cello Concerto No. 1 in E-flat major, Op. 107", "authors": [6], "instrumentation": [3, 7]}},
    {"model": "ClassicalMusic.composition", "pk": 2, "fields": {"title": "Sonata No. 1 in F major, Op. 5, No. 1", "authors": [1], "instrumentation": [3, 4]}},
    {"model": "ClassicalMusic.composition", "pk": 3, "fields": {"title": "Symphony No. 9 in D minor, Op. 125", "authors": [1, 5], "instrumentation": [7, 8]}},
    {"model": "ClassicalMusic.composition", "pk": 11, "fields": {"title": "Suite No. 1 in G major, BWV 1007", "authors": [19], "instrumentation": [3]}},
    {"model": "ClassicalMusic.composition", "pk": 19, "fields": {"title": "Suite No. 4 in E-flat major, BWV 1010", "authors": [19], "instrumentation": [3]}},
    {"model": "ClassicalMusic.composition", "pk": 20, "fields": {"title": "Suite No. 5 in C minor, BWV 1011", "authors": [19],"instrumentation": [3]}},
    {"model": "ClassicalMusic.composition", "pk": 21, "fields": {"title": "Cello Concerto in E minor, op. 85", "authors": [22], "instrumentation": [3, 7]}},
    {"model": "ClassicalMusic.composition", "pk": 22, "fields": {"title": "Concerto for Violin and Cello in A minor, op. 102", "authors": [17], "instrumentation": [3, 6, 7]}},
    {"model": "ClassicalMusic.composition", "pk": 23, "fields": {"title": "Symphony no. 5, op. 47", "authors": [6], "instrumentation": [7]}},
    {"model": "ClassicalMusic.composition", "pk": 24, "fields": {"title": "Sonata No. 1 for Cello and Piano in E minor, Op 38", "authors": [17], "instrumentation": [3, 4]}},

    {"model": "ClassicalMusic.movement", "pk": 1, "fields": {"title": "I. Allegretto", "composition": 1, "order_number": 1}},
    {"model": "ClassicalMusic.movement", "pk": 2, "fields": {"title": "II. Moderato", "composition": 1, "order_number": 2}},
    {"model": "ClassicalMusic.movement", "pk": 3, "fields": {"title": "III. Cadenza \u2013 Attacca", "composition": 1, "order_number": 3}},
    {"model": "ClassicalMusic.movement", "pk": 4, "fields": {"title": "IV. Allegro con moto", "composition": 1, "order_number": 4}},
    {"model": "ClassicalMusic.movement", "pk": 5, "fields": {"title": "Adagio sostenuto \u2013 Allegro", "composition": 2, "order_number": 1}},
    {"model": "ClassicalMusic.movement", "pk": 6, "fields": {"title": "Rondo. Allegrovivace", "composition": 2, "order_number": 2}},
    {"model": "ClassicalMusic.movement", "pk": 7, "fields": {"title": "\tI. Allegro ma non troppo, un poco maestoso", "composition": 3, "order_number": 1}},
    {"model": "ClassicalMusic.movement", "pk": 8, "fields": {"title": "II. Molto vivace", "composition": 3, "order_number": 2}},
    {"model": "ClassicalMusic.movement", "pk": 9, "fields": {"title": "III. Adagio molto e cantabile", "composition": 3, "order_number": 3}},
    {"model": "ClassicalMusic.movement", "pk": 10, "fields": {"title": "IV. Finale", "composition": 3, "order_number": 4}},
    {"model": "ClassicalMusic.movement", "pk": 25, "fields": {"title": "Pr\u00e9lude", "composition": 11, "order_number": 1}},
    {"model": "ClassicalMusic.movement", "pk": 26, "fields": {"title": "Allemande", "composition": 11, "order_number": 2}},
    {"model": "ClassicalMusic.movement", "pk": 27, "fields": {"title": "Courante", "composition": 11, "order_number": 3}},
    {"model": "ClassicalMusic.movement", "pk": 28, "fields": {"title": "Sarabande", "composition": 11, "order_number": 4}},
    {"model": "ClassicalMusic.movement", "pk": 29, "fields": {"title": "Minuet I & II", "composition": 11, "order_number": 5}},
    {"model": "ClassicalMusic.movement", "pk": 30, "fields": {"title": "Gigue", "composition": 11, "order_number": 6}},
    {"model": "ClassicalMusic.movement", "pk": 31, "fields": {"title": "Pr\u00e9lude", "composition": 19, "order_number": 1}},
    {"model": "ClassicalMusic.movement", "pk": 32, "fields": {"title": "Allemande", "composition": 19, "order_number": 2}},
    {"model": "ClassicalMusic.movement", "pk": 33, "fields": {"title": "Courante", "composition": 19, "order_number": 3}},
    {"model": "ClassicalMusic.movement", "pk": 34, "fields": {"title": "Sarabande", "composition": 19, "order_number": 4}},
    {"model": "ClassicalMusic.movement", "pk": 35, "fields": {"title": "Bourr\u00e9e I & II", "composition": 19, "order_number": 5}},
    {"model": "ClassicalMusic.movement", "pk": 36, "fields": {"title": "Gigue", "composition": 19, "order_number": 6}},
    {"model": "ClassicalMusic.movement", "pk": 37, "fields": {"title": "Pr\u00e9lude", "composition": 20, "order_number": 1}},
    {"model": "ClassicalMusic.movement", "pk": 38, "fields": {"title": "Allemande", "composition": 20, "order_number": 2}},
    {"model": "ClassicalMusic.movement", "pk": 39, "fields": {"title": "Courante", "composition": 20, "order_number": 3}},
    {"model": "ClassicalMusic.movement", "pk": 40, "fields": {"title": "Sarabande", "composition": 20, "order_number": 4}},
    {"model": "ClassicalMusic.movement", "pk": 41, "fields": {"title": "Gavotte I & II", "composition": 20, "order_number": 5}},
    {"model": "ClassicalMusic.movement", "pk": 42, "fields": {"title": "Gigue", "composition": 20, "order_number": 6}},
    {"model": "ClassicalMusic.movement", "pk": 43, "fields": {"title": "I. Adagio-Moderato", "composition": 21, "order_number": 1}},
    {"model": "ClassicalMusic.movement", "pk": 44, "fields": {"title": "II. Lento-allegro molto", "composition": 21, "order_number": 2}},
    {"model": "ClassicalMusic.movement", "pk": 45, "fields": {"title": "III. Adagio", "composition": 21, "order_number": 3}},
    {"model": "ClassicalMusic.movement", "pk": 46, "fields": {"title": "IV. Allegro", "composition": 21, "order_number": 4}},
    {"model": "ClassicalMusic.movement", "pk": 47, "fields": {"title": "I. Allegro", "composition": 22, "order_number": 1}},
    {"model": "ClassicalMusic.movement", "pk": 48, "fields": {"title": "II. Andante", "composition": 22, "order_number": 2}},
    {"model": "ClassicalMusic.movement", "pk": 49, "fields": {"title": "III. Vivace non troppo", "composition": 22, "order_number": 3}},
    {"model": "ClassicalMusic.movement", "pk": 50, "fields": {"title": "I. Moderato", "composition": 23, "order_number": 1}},
    {"model": "ClassicalMusic.movement", "pk": 51, "fields": {"title": "II. Allegretto", "composition": 23, "order_number": 2}},
    {"model": "ClassicalMusic.movement", "pk": 52, "fields": {"title": "III. Largo", "composition": 23, "order_number": 3}},
    {"model": "ClassicalMusic.movement", "pk": 53, "fields": {"title": "IV. Allegro non troppo", "composition": 23, "order_number": 4}},
    {"model": "ClassicalMusic.movement", "pk": 54, "fields": {"title": "I. Allegro non troppo", "composition": 24, "order_number": 1}},
    {"model": "ClassicalMusic.movement", "pk": 55, "fields": {"title": "II. Allegro non troppo", "composition": 24, "order_number": 2}},
    {"model": "ClassicalMusic.movement", "pk": 56, "fields": {"title": "III. Allegro", "composition": 24, "order_number": 3}},

    {"model": "ClassicalMusic.release", "pk": 1, "fields": {"title": "Works for Cello", "image_url": ""}},
    {"model": "ClassicalMusic.release", "pk": 2, "fields": {"title": "Works for Orchestra", "image_url": ""}},
    {"model": "ClassicalMusic.release", "pk": 3, "fields": {"title": "The Six Unaccompanied Cello Suites",
        "image_url": "https://ia601609.us.archive.org/33/items/mbid-99d76582-422f-493d-b83a-be52072edf54/mbid-99d76582-422f-493d-b83a-be52072edf54-15595546713_thumb500.jpg"}},
    {"model": "ClassicalMusic.release", "pk": 4, "fields": {"title": "Cello Concertos",
        "image_url": "https://ia800909.us.archive.org/9/items/mbid-de7409af-47de-4f13-8950-0ba405f9cca3/mbid-de7409af-47de-4f13-8950-0ba405f9cca3-5443017084_thumb500.jpg"}},
    {"model": "ClassicalMusic.release", "pk": 5, "fields": {"title": "The Sonatas for Piano & Cello",
        "image_url": "https://ia800304.us.archive.org/15/items/mbid-086c1a47-20e4-432f-86ac-0fcc8f23299b/mbid-086c1a47-20e4-432f-86ac-0fcc8f23299b-13237985230_thumb500.jpg"}},
    {"model": "ClassicalMusic.release", "pk": 6, "fields": {"title": "Double Concerto / Piano Quartet, op. 60",
        "image_url": "https://ia802500.us.archive.org/30/items/mbid-c06b4d7f-df3f-43e5-b0fd-ab8a6ddb7c0e/mbid-c06b4d7f-df3f-43e5-b0fd-ab8a6ddb7c0e-7110178328_thumb500.jpg"}},
    {"model": "ClassicalMusic.release", "pk": 7, "fields": {"title": "Symphony no. 5 / Cello Concerto",
        "image_url": "https://ia800301.us.archive.org/4/items/mbid-2ae7f3ce-0017-4a84-94a0-833e669e9c3e/mbid-2ae7f3ce-0017-4a84-94a0-833e669e9c3e-6212353006_thumb500.jpg"}},
    {"model": "ClassicalMusic.release", "pk": 8, "fields": {"title": "Cello Concerto, op. 85 / Enigma Variations",
        "image_url": "https://ia802909.us.archive.org/33/items/mbid-89b22514-24c5-42a2-8525-5ffedf0af578/mbid-89b22514-24c5-42a2-8525-5ffedf0af578-21976331983_thumb500.jpg"}},
    {"model": "ClassicalMusic.release", "pk": 9, "fields": {"title": "Suites for Violoncello Solo, BWV 1007-1012",
        "image_url": "https://ia802507.us.archive.org/8/items/mbid-5c8d14e5-e539-4077-afb5-d5ea112e46a9/mbid-5c8d14e5-e539-4077-afb5-d5ea112e46a9-7194856003_thumb500.jpg"}},

    {"model": "ClassicalMusic.track", "pk": 1, "fields": {"movement": 1, "release": 1, "disk": "1", "track_number": 1, "performers": [2, 7]}},
    {"model": "ClassicalMusic.track", "pk":2, "fields": {"movement": 2, "release": 1, "disk": "1", "track_number": 2, "performers": [2, 7]}},
    {"model": "ClassicalMusic.track", "pk": 3, "fields": {"movement": 3, "release": 1, "disk": "1","track_number": 3, "performers": [2, 7]}},
    {"model": "ClassicalMusic.track", "pk": 4, "fields": {"movement": 4, "release": 1, "disk": "1", "track_number": 4, "performers": [2, 7]}},
    {"model": "ClassicalMusic.track", "pk": 5, "fields": {"movement": 5, "release": 1, "disk": "1", "track_number": 5, "performers": [3, 7]}},
    {"model": "ClassicalMusic.track", "pk": 6, "fields": {"movement": 6,"release": 1, "disk": "1", "track_number": 6, "performers": [3, 7]}},
    {"model": "ClassicalMusic.track", "pk": 7, "fields": {"movement": 1, "release": 2, "disk": "1", "track_number": 1, "performers": [2, 7]}},
    {"model": "ClassicalMusic.track", "pk": 8, "fields": {"movement": 2, "release": 2, "disk": "1", "track_number": 2, "performers": [2, 7]}},
    {"model": "ClassicalMusic.track", "pk": 9, "fields": {"movement": 3, "release": 2, "disk": "1", "track_number": 3, "performers": [2, 7]}},
    {"model": "ClassicalMusic.track", "pk": 10, "fields": {"movement": 4, "release": 2, "disk": "1", "track_number": 4, "performers": [2, 7]}},
    {"model": "ClassicalMusic.track", "pk": 11, "fields": {"movement": 7, "release": 2, "disk": "1", "track_number": 5, "performers": [2, 8]}},
    {"model": "ClassicalMusic.track", "pk": 12, "fields": {"movement": 8, "release": 2, "disk": "2", "track_number": 1, "performers": [2, 8]}},
    {"model": "ClassicalMusic.track", "pk": 13, "fields": {"movement": 9, "release": 2, "disk": "2", "track_number": 2, "performers": [2, 8]}},
    {"model": "ClassicalMusic.track", "pk": 14, "fields": {"movement": 10, "release": 2, "disk": "2", "track_number": 3, "performers": [2, 8]}},
    {"model": "ClassicalMusic.track", "pk": 30, "fields": {"movement": 25, "release": 3, "disk": "1", "track_number": 1, "performers": [7]}},
    {"model": "ClassicalMusic.track", "pk": 31, "fields": {"movement": 26, "release": 3, "disk": "1", "track_number": 2, "performers": [7]}},
    {"model": "ClassicalMusic.track", "pk": 32, "fields": {"movement": 28, "release": 3, "disk": "1", "track_number": 3, "performers": [7]}},
    {"model": "ClassicalMusic.track", "pk": 33, "fields": {"movement": 28, "release": 3, "disk": "1", "track_number": 4, "performers": [7]}},
    {"model": "ClassicalMusic.track", "pk": 34, "fields": {"movement": 29, "release": 3, "disk": "1", "track_number": 5, "performers": [7]}},
    {"model": "ClassicalMusic.track", "pk": 35, "fields": {"movement": 30, "release": 3, "disk": "1", "track_number": 6, "performers": [7]}},
    {"model": "ClassicalMusic.track", "pk": 36, "fields": {"movement": 31, "release": 3, "disk": "1", "track_number": 7, "performers": [7]}},
    {"model": "ClassicalMusic.track", "pk": 37, "fields": {"movement": 32, "release": 3, "disk": "1", "track_number": 8, "performers": [7]}},
    {"model": "ClassicalMusic.track", "pk": 38, "fields": {"movement": 33, "release": 3, "disk": "1", "track_number": 9, "performers": [7]}},
    {"model": "ClassicalMusic.track", "pk": 39, "fields": {"movement": 34, "release": 3, "disk": "1", "track_number": 10, "performers": [7]}},
    {"model": "ClassicalMusic.track", "pk": 40, "fields": {"movement": 35, "release": 3, "disk": "1", "track_number": 11, "performers": [7]}},
    {"model": "ClassicalMusic.track", "pk": 41, "fields": {"movement": 36, "release": 3, "disk": "1", "track_number": 12, "performers": [7]}},
    {"model": "ClassicalMusic.track", "pk": 42, "fields": {"movement": 37, "release": 3, "disk": "1", "track_number": 13, "performers": [7]}},
    {"model": "ClassicalMusic.track", "pk": 43, "fields": {"movement": 38, "release": 3, "disk": "1", "track_number": 14, "performers": [7]}},
    {"model": "ClassicalMusic.track", "pk": 44, "fields": {"movement": 39, "release": 3, "disk": "1", "track_number": 15, "performers": [7]}},
    {"model": "ClassicalMusic.track", "pk": 45, "fields": {"movement": 40, "release": 3, "disk": "1", "track_number": 16, "performers": [7]}},
    {"model": "ClassicalMusic.track", "pk": 46, "fields": {"movement": 41, "release": 3, "disk": "1", "track_number": 17, "performers": [7]}},
    {"model": "ClassicalMusic.track", "pk": 47, "fields": {"movement": 42, "release": 3, "disk": "1", "track_number": 18, "performers": [7]}},
    {"model": "ClassicalMusic.track", "pk": 48, "fields": {"movement": 43, "release": 4, "disk": "1", "track_number": 1, "performers": [7]}},
    {"model": "ClassicalMusic.track", "pk": 49, "fields": {"movement": 44, "release": 4, "disk": "1", "track_number": 1, "performers": [7]}},
    {"model": "ClassicalMusic.track", "pk": 50, "fields": {"movement": 45, "release": 4, "disk": "1", "track_number": 2, "performers": [7]}},
    {"model": "ClassicalMusic.track", "pk": 51, "fields": {"movement": 46, "release": 4, "disk": "1", "track_number": 3, "performers": [7]}},
    {"model": "ClassicalMusic.track", "pk": 52, "fields": {"movement": 5, "release": 5, "disk": "1", "track_number": 1, "performers": [3, 7]}},
    {"model": "ClassicalMusic.track", "pk": 53, "fields": {"movement": 6, "release": 5, "disk": "1", "track_number": 2, "performers": [3, 7]}},
    {"model": "ClassicalMusic.track", "pk": 54, "fields": {"movement": 47, "release": 6, "disk": "1", "track_number": 1, "performers": [7, 23, 24]}},
    {"model": "ClassicalMusic.track", "pk": 55, "fields": {"movement": 48, "release": 6, "disk": "1", "track_number": 2, "performers": [7, 23, 24]}},
    {"model": "ClassicalMusic.track", "pk": 56, "fields": {"movement": 49, "release": 6, "disk": "1", "track_number": 3, "performers": [7, 23, 24]}},
    {"model": "ClassicalMusic.track", "pk": 57, "fields": {"movement": 50, "release": 7, "disk": "1", "track_number": 2, "performers": [25]}},
    {"model": "ClassicalMusic.track", "pk": 58, "fields": {"movement": 51, "release": 7, "disk": "1", "track_number": 2, "performers": [25]}},
    {"model": "ClassicalMusic.track", "pk": 59, "fields": {"movement": 52, "release": 7, "disk": "1", "track_number": 3, "performers": [25]}},
    {"model": "ClassicalMusic.track", "pk": 60, "fields": {"movement": 53, "release": 7, "disk": "1", "track_number": 4, "performers": [25]}},
    {"model": "ClassicalMusic.track", "pk": 61, "fields": {"movement": 43, "release": 8, "disk": "1", "track_number": 1, "performers": [12]}},
    {"model": "ClassicalMusic.track", "pk": 62, "fields": {"movement": 44, "release": 8, "disk": "1", "track_number": 2, "performers": [12]}},
    {"model": "ClassicalMusic.track", "pk": 63, "fields": {"movement": 45, "release": 8, "disk": "1", "track_number": 3, "performers": [12]}},
    {"model": "ClassicalMusic.track", "pk": 64, "fields": {"movement": 46, "release": 8, "disk": "1", "track_number": 4, "performers": [12]}},
    {"model": "ClassicalMusic.track", "pk": 65, "fields": {"movement": 25, "release": 9, "disk": "1", "track_number": 1, "performers": [26]}},
    {"model": "ClassicalMusic.track", "pk": 66, "fields": {"movement": 26, "release": 9, "disk": "1", "track_number": 2, "performers": [26]}},
    {"model": "ClassicalMusic.track", "pk": 67, "fields": {"movement": 27, "release": 9, "disk": "1", "track_number": 3, "performers": [26]}},
    {"model": "ClassicalMusic.track", "pk": 68, "fields": {"movement": 28, "release": 9, "disk": "1", "track_number": 4, "performers": [26]}},
    {"model": "ClassicalMusic.track", "pk": 69, "fields": {"movement": 29, "release": 9, "disk": "1", "track_number": 5, "performers": [26]}},
    {"model": "ClassicalMusic.track", "pk": 70, "fields": {"movement":30, "release": 9, "disk": "1", "track_number": 6, "performers": [26]}}
]
